Chrom,Position,Likelihood,Alpha,StartPos,EndPos
5,1918684.4429,1441.436,5.372052e-06,18780,2998379
5,1921667.0244,1492.295,5.38145e-06,18780,2998379
5,1924649.606,1530.67,5.399782e-06,18780,2998379
5,1927632.1875,1553.731,5.36441e-06,18780,2998379
5,1930614.769,1547.068,5.464317e-06,18780,2998379
5,1933597.3506,1536.989,5.564298e-06,18780,2998379
5,1936579.9321,1494.135,5.64768e-06,18780,2998379
5,1939562.5137,1411.963,5.896955e-06,18780,2998379
