CHROM,BIN_START,N_SNPS,TajimaD
5,1810000,94,-1.295
5,1870000,40,-1.24423
5,1880000,125,-1.64454
5,1890000,24,-1.33116
5,1900000,45,-1.68836
5,1910000,19,-1.61442
5,1940000,18,-2.18026
5,1950000,213,-1.69602
5,1960000,100,-1.62109
5,1970000,135,-1.39054
5,1980000,92,-1.21018
5,1990000,49,-1.36567
5,2000000,46,-1.32757
5,2010000,167,-1.4724
5,2030000,10,-1.31235
5,2040000,87,-1.63926
5,2050000,57,-1.36365
6,2320000,107,-1.32146
